1;"02583037000115";"Warehouse Star Co.                                ";"Clothing                                          "
2;"18158679000107";"Market Johnson Ltd.                               ";"Food & Beverage                                   "
3;"04631639000126";"Market Star Ltd.                                  ";"Clothing                                          "
4;"34271950000172";"Market Smith Corp.                                ";"Health & Beauty                                   "
5;"48478583000197";"Market Global Co.                                 ";"Services                                          "
6;"79753573000146";"Market Express LLC                                ";"Electronics                                       "
7;"76156488000102";"Tech Solutions Inc.                               ";"Food & Beverage                                   "
8;"96475923000179";"Stores North Corp.                                ";"Health & Beauty                                   "
9;"07018041000154";"New South LLC                                     ";"Clothing                                          "
10;"63619882000198";"Tech Express Corp.                                ";"Health & Beauty                                   "
11;"54957635000100";"Warehouse Johnson LLC                             ";"Electronics                                       "
12;"63326422000171";"Bazaar Online Inc.                                ";"IT                                                "
13;"17559428000171";"Tech Johnson Ltd.                                 ";"Construction Materials                            "
14;"24816501000109";"Warehouse National Co.                            ";"Health & Beauty                                   "
15;"02592484000130";"Group South Corp.                                 ";"Home & Decor                                      "
16;"86603871000115";"Commercial Online Ltd.                            ";"Construction Materials                            "
17;"56452807000110";"Bazaar Online Inc.                                ";"Home & Decor                                      "
18;"16742870000176";"Emporium Plus Co.                                 ";"Health & Beauty                                   "
19;"05107597000191";"Distributor Solutions LLC                         ";"Food & Beverage                                   "
20;"31711931000121";"Warehouse National LLC                            ";"IT                                                "
21;"13539088000166";"Warehouse Global Co.                              ";"Electronics                                       "
22;"60831147000155";"Agency Star Corp.                                 ";"Home & Decor                                      "
23;"72601471000166";"Distributor South LLC                             ";"Health & Beauty                                   "
24;"75793431000151";"Group Global Co.                                  ";"IT                                                "
25;"26683630000100";"Bazaar Johnson Co.                                ";"Clothing                                          "
26;"38410065000188";"Tech Williams Corp.                               ";"IT                                                "
27;"26810784000107";"Market Johnson Co.                                ";"Electronics                                       "
28;"64661648000191";"Agency South Corp.                                ";"Home & Decor                                      "
29;"01547172000142";"Emporium Global LLC                               ";"Services                                          "
30;"81301458000182";"Bazaar Plus LLC                                   ";"IT                                                "
31;"88869563000161";"Market Williams Corp.                             ";"Services                                          "
32;"45523316000104";"Tech Solutions Ltd.                               ";"IT                                                "
33;"55260771000100";"Commercial South Co.                              ";"Services                                          "
34;"97911933000172";"Warehouse Williams Inc.                           ";"Services                                          "
35;"08351028000185";"Warehouse Online Inc.                             ";"IT                                                "
36;"36386486000195";"Emporium Global Co.                               ";"Food & Beverage                                   "
37;"31982493000136";"Market Express Co.                                ";"Clothing                                          "
38;"83346211000108";"Commercial Global LLC                             ";"Health & Beauty                                   "
39;"33768839000123";"Stores Williams Ltd.                              ";"Construction Materials                            "
40;"08517192000110";"Agency Williams LLC                               ";"Home & Decor                                      "
41;"11038797000132";"Group Center Corp.                                ";"Clothing                                          "
42;"59306984000186";"Emporium Express Corp.                            ";"Services                                          "
43;"24565086000168";"Tech Global Ltd.                                  ";"Services                                          "
44;"61263917000173";"Commercial South Co.                              ";"Health & Beauty                                   "
45;"64120126000182";"Bazaar Star Inc.                                  ";"Health & Beauty                                   "
46;"44694445000194";"Emporium Plus Ltd.                                ";"Electronics                                       "
47;"99029591000197";"Stores Solutions Inc.                             ";"IT                                                "
48;"37405248000142";"Bazaar Plus LLC                                   ";"Health & Beauty                                   "
49;"05259025000128";"New Johnson Ltd.                                  ";"Health & Beauty                                   "
50;"58054856000120";"Emporium Smith LLC                                ";"IT                                                "
51;"75420161000133";"Tech Global Ltd.                                  ";"Food & Beverage                                   "
52;"11630332000176";"Tech Global Inc.                                  ";"Clothing                                          "
53;"11579263000113";"New Online LLC                                    ";"IT                                                "
54;"78982809000153";"Distributor Global LLC                            ";"Home & Decor                                      "
55;"51711029000112";"Market South Co.                                  ";"Home & Decor                                      "
56;"53560571000147";"Market Plus Inc.                                  ";"Food & Beverage                                   "
57;"09294985000180";"Market South Ltd.                                 ";"Home & Decor                                      "
58;"37093303000106";"New Global LLC                                    ";"Electronics                                       "
59;"06506793000100";"Agency Star Co.                                   ";"Construction Materials                            "
60;"65259812000100";"Warehouse South Co.                               ";"Clothing                                          "
61;"33059472000179";"Group Solutions Inc.                              ";"Clothing                                          "
62;"42778484000144";"Group North Corp.                                 ";"Electronics                                       "
63;"03571804000139";"Bazaar Smith Ltd.                                 ";"IT                                                "
64;"27510666000146";"Emporium Williams Inc.                            ";"Home & Decor                                      "
65;"25601348000165";"Stores Center Ltd.                                ";"Electronics                                       "
66;"35071152000160";"Market Plus Ltd.                                  ";"Home & Decor                                      "
67;"36810441000104";"Group Smith LLC                                   ";"Construction Materials                            "
68;"52370377000136";"Stores Johnson LLC                                ";"Services                                          "
69;"10291670000168";"Warehouse North Inc.                              ";"Home & Decor                                      "
70;"50430186000197";"Bazaar Star Co.                                   ";"Clothing                                          "
71;"38677669000195";"Bazaar Smith Corp.                                ";"Clothing                                          "
72;"32544470000102";"Distributor Center Ltd.                           ";"Services                                          "
73;"15547719000114";"Market Online Inc.                                ";"Health & Beauty                                   "
74;"93556556000140";"Market Express Co.                                ";"Food & Beverage                                   "
75;"19217391000129";"Distributor National Corp.                        ";"Clothing                                          "
76;"07209595000139";"Emporium Global Corp.                             ";"Services                                          "
77;"24736998000155";"New North Ltd.                                    ";"Home & Decor                                      "
78;"25695013000153";"Market Solutions Corp.                            ";"Electronics                                       "
79;"13780056000158";"Market North Corp.                                ";"Home & Decor                                      "
80;"15200228000100";"Bazaar Solutions Inc.                             ";"Clothing                                          "
81;"20779442000195";"Stores Williams Corp.                             ";"Food & Beverage                                   "
82;"64714381000153";"Agency Center Inc.                                ";"IT                                                "
83;"10746234000136";"Warehouse National Ltd.                           ";"Food & Beverage                                   "
84;"59192938000101";"Distributor Center Inc.                           ";"Food & Beverage                                   "
85;"84439570000172";"Commercial Smith Inc.                             ";"Clothing                                          "
86;"98866169000123";"Emporium National Co.                             ";"Food & Beverage                                   "
87;"32197197000197";"Emporium Plus LLC                                 ";"Home & Decor                                      "
88;"20804421000182";"Warehouse Global Inc.                             ";"Construction Materials                            "
89;"27418591000178";"Distributor Express Co.                           ";"Construction Materials                            "
90;"22031095000143";"Bazaar Williams LLC                               ";"IT                                                "
91;"74653142000194";"Market Johnson Corp.                              ";"Clothing                                          "
92;"54453199000132";"Distributor South LLC                             ";"IT                                                "
93;"04284258000118";"Commercial Williams LLC                           ";"Construction Materials                            "
94;"37777872000170";"Warehouse Star Inc.                               ";"Construction Materials                            "
95;"22594863000177";"Emporium Online Co.                               ";"Health & Beauty                                   "
96;"23424604000160";"Emporium Johnson Corp.                            ";"Home & Decor                                      "
97;"14076178000120";"Distributor Williams Inc.                         ";"Construction Materials                            "
98;"12428002000165";"Emporium Smith Ltd.                               ";"Services                                          "
99;"83456724000171";"Commercial Online Inc.                            ";"Clothing                                          "
100;"83151716000117";"Bazaar Center LLC                                 ";"Food & Beverage                                   "
101;"92984122000188";"Emporium Express LLC                              ";"Health & Beauty                                   "
102;"18194727000112";"Warehouse Star Corp.                              ";"Home & Decor                                      "
103;"31409495000130";"Tech Center Inc.                                  ";"IT                                                "
104;"16744471000144";"Bazaar Express Corp.                              ";"Construction Materials                            "
105;"75995628000173";"Group Johnson Inc.                                ";"Services                                          "
106;"48011156000102";"Group Online Inc.                                 ";"IT                                                "
107;"69273922000179";"Commercial Johnson Inc.                           ";"Electronics                                       "
108;"75493020000140";"Tech National Corp.                               ";"Food & Beverage                                   "
109;"25932067000195";"Distributor South Inc.                            ";"Health & Beauty                                   "
110;"50613874000192";"Stores Plus Ltd.                                  ";"Services                                          "
111;"05267571000100";"Market Plus Corp.                                 ";"Health & Beauty                                   "
112;"08074382000100";"Commercial Smith Ltd.                             ";"IT                                                "
113;"37745442000177";"New Smith LLC                                     ";"Services                                          "
114;"92009307000171";"Tech Smith Co.                                    ";"IT                                                "
115;"80005195000100";"Tech Smith Co.                                    ";"Food & Beverage                                   "
116;"14186702000116";"Warehouse Williams Inc.                           ";"Services                                          "
117;"98192349000177";"Commercial North Ltd.                             ";"IT                                                "
118;"50258783000186";"Tech National Co.                                 ";"IT                                                "
119;"87361042000136";"Group Solutions Ltd.                              ";"Services                                          "
120;"04537035000115";"Tech Express Co.                                  ";"Clothing                                          "
121;"03955343000106";"Emporium National Inc.                            ";"Clothing                                          "
122;"91449184000127";"New Star Corp.                                    ";"Electronics                                       "
123;"20040608000157";"Bazaar Williams LLC                               ";"Health & Beauty                                   "
124;"58906607000115";"New Williams Corp.                                ";"Home & Decor                                      "
125;"53423517000150";"Bazaar Center Inc.                                ";"Health & Beauty                                   "
126;"05785457000172";"Tech South Inc.                                   ";"Electronics                                       "
127;"04598999000173";"Market Solutions Ltd.                             ";"Clothing                                          "
128;"28478633000129";"Group Williams Ltd.                               ";"Health & Beauty                                   "
129;"33396109000149";"Distributor Johnson Co.                           ";"Clothing                                          "
130;"23206600000106";"Stores North Inc.                                 ";"Construction Materials                            "
131;"26264168000106";"Emporium Plus LLC                                 ";"Electronics                                       "
132;"46773304000192";"Warehouse South Corp.                             ";"Services                                          "
133;"23229837000102";"Warehouse Smith Co.                               ";"Electronics                                       "
134;"38326245000186";"Market National Corp.                             ";"Home & Decor                                      "
135;"81051012000147";"Emporium National Co.                             ";"IT                                                "
136;"85260462000109";"Stores National Corp.                             ";"Home & Decor                                      "
137;"82468749000122";"Group Solutions Corp.                             ";"Services                                          "
138;"82743811000147";"Stores Smith Co.                                  ";"Services                                          "
139;"48047443000164";"Commercial North LLC                              ";"Clothing                                          "
140;"53515763000131";"Market Williams Ltd.                              ";"Electronics                                       "
141;"56220556000148";"Stores Plus Ltd.                                  ";"IT                                                "
142;"90470136000158";"Tech Star Corp.                                   ";"Services                                          "
143;"11570367000167";"Market Online LLC                                 ";"Health & Beauty                                   "
144;"01852890000122";"Warehouse North Ltd.                              ";"Home & Decor                                      "
145;"67260859000100";"Group Plus Co.                                    ";"Construction Materials                            "
146;"18545623000105";"Group South Ltd.                                  ";"Food & Beverage                                   "
147;"77659502000153";"Stores North LLC                                  ";"Health & Beauty                                   "
148;"41237430000109";"Warehouse Global LLC                              ";"Construction Materials                            "
149;"65537281000161";"Tech Global Inc.                                  ";"IT                                                "
150;"94654452000130";"Emporium Online Inc.                              ";"Health & Beauty                                   "
151;"03893108000149";"New Center Ltd.                                   ";"Services                                          "
152;"92439244000193";"New Global Ltd.                                   ";"Electronics                                       "
153;"20969535000182";"Warehouse Star Inc.                               ";"Home & Decor                                      "
154;"66882955000128";"Agency Center Inc.                                ";"Food & Beverage                                   "
155;"93295363000182";"Bazaar Online Ltd.                                ";"Home & Decor                                      "
156;"46460178000116";"Warehouse Solutions Ltd.                          ";"Health & Beauty                                   "
157;"33483662000119";"Warehouse Global Corp.                            ";"Clothing                                          "
158;"16721327000192";"Warehouse Star Ltd.                               ";"Home & Decor                                      "
159;"29705471000187";"Tech Star Corp.                                   ";"Food & Beverage                                   "
160;"25481195000160";"New South Co.                                     ";"Clothing                                          "
161;"04483660000121";"Market Smith Ltd.                                 ";"Services                                          "
162;"88992660000147";"Stores Williams Ltd.                              ";"Home & Decor                                      "
163;"17060408000151";"Tech Center Ltd.                                  ";"Clothing                                          "
164;"46919441000192";"Group Online Inc.                                 ";"Health & Beauty                                   "
165;"83935964000159";"Group Plus Corp.                                  ";"Food & Beverage                                   "
166;"98261488000105";"Market Online Co.                                 ";"Electronics                                       "
167;"54153841000168";"Emporium Solutions LLC                            ";"Services                                          "
168;"74281550000162";"New Johnson Ltd.                                  ";"Electronics                                       "
169;"93119518000120";"Tech Plus Inc.                                    ";"Health & Beauty                                   "
170;"61649676000103";"Tech North Corp.                                  ";"Clothing                                          "
171;"34350576000109";"Market Plus Co.                                   ";"Clothing                                          "
172;"07797945000125";"Stores Global Inc.                                ";"IT                                                "
173;"42688450000169";"Emporium Center LLC                               ";"Home & Decor                                      "
174;"95359284000113";"Distributor Johnson Inc.                          ";"Construction Materials                            "
175;"69380507000114";"Agency South Co.                                  ";"Clothing                                          "
176;"48503410000181";"Market Global LLC                                 ";"IT                                                "
177;"95492778000171";"Tech Express Inc.                                 ";"Services                                          "
178;"36861983000106";"Market Center Ltd.                                ";"Electronics                                       "
179;"12833566000183";"Stores South Ltd.                                 ";"Clothing                                          "
180;"76027250000187";"Group North Co.                                   ";"IT                                                "
181;"63312740000183";"Emporium South LLC                                ";"Clothing                                          "
182;"07206223000159";"Bazaar Plus Co.                                   ";"Health & Beauty                                   "
183;"35501945000171";"Market National Co.                               ";"Food & Beverage                                   "
184;"13497853000122";"New Express Inc.                                  ";"Food & Beverage                                   "
185;"17228042000187";"New Star Corp.                                    ";"Home & Decor                                      "
186;"21890990000150";"Emporium Center Ltd.                              ";"Electronics                                       "
187;"50006653000156";"Agency National Co.                               ";"Health & Beauty                                   "
188;"87739993000104";"Bazaar Plus Inc.                                  ";"Home & Decor                                      "
189;"78546273000123";"Market North LLC                                  ";"Clothing                                          "
190;"28109120000140";"Bazaar National Inc.                              ";"Clothing                                          "
191;"04432897000183";"Bazaar Plus LLC                                   ";"Health & Beauty                                   "
192;"66989827000188";"Emporium Global Ltd.                              ";"Home & Decor                                      "
193;"07226557000194";"Commercial South Corp.                            ";"Construction Materials                            "
194;"50812438000142";"Stores National Ltd.                              ";"Clothing                                          "
195;"98377123000140";"Warehouse South Ltd.                              ";"IT                                                "
196;"08143335000170";"Distributor Global Inc.                           ";"Home & Decor                                      "
197;"81348929000108";"Agency South Ltd.                                 ";"Electronics                                       "
198;"66152909000173";"Emporium Global Co.                               ";"Services                                          "
199;"93681398000150";"Stores Smith Inc.                                 ";"Electronics                                       "
200;"32910407000142";"Stores Online Ltd.                                ";"Health & Beauty                                   "
201;"00433845000170";"Emporium Plus LLC                                 ";"Home & Decor                                      "
202;"79582524000198";"Agency North Co.                                  ";"Clothing                                          "
203;"16162691000160";"Stores Center Corp.                               ";"Home & Decor                                      "
204;"40498006000155";"Commercial Online Corp.                           ";"Home & Decor                                      "
205;"32132962000190";"Stores Smith LLC                                  ";"Services                                          "
206;"29172854000137";"Commercial Star Co.                               ";"Food & Beverage                                   "
207;"82577178000164";"Agency Plus Co.                                   ";"Health & Beauty                                   "
208;"29809851000161";"Commercial Express Co.                            ";"Health & Beauty                                   "
209;"26546227000120";"Tech Star Inc.                                    ";"Electronics                                       "
210;"04715954000131";"Emporium Plus Corp.                               ";"IT                                                "
211;"64540638000106";"Market Star Ltd.                                  ";"IT                                                "
212;"73162767000190";"Warehouse Express LLC                             ";"Services                                          "
213;"00234038000129";"Tech South Corp.                                  ";"Construction Materials                            "
214;"47022269000132";"Distributor Global LLC                            ";"Construction Materials                            "
215;"37638032000127";"Warehouse Williams Ltd.                           ";"Clothing                                          "
216;"08431487000179";"Distributor Online Ltd.                           ";"Electronics                                       "
217;"48489337000130";"New Express LLC                                   ";"Home & Decor                                      "
218;"08593292000125";"Stores Online Ltd.                                ";"Electronics                                       "
219;"18563371000147";"Agency Online Inc.                                ";"Health & Beauty                                   "
220;"39637945000154";"Distributor Johnson Inc.                          ";"IT                                                "
221;"82736629000169";"Tech North Ltd.                                   ";"Home & Decor                                      "
222;"00427206000100";"New Smith Ltd.                                    ";"Home & Decor                                      "
223;"11863358000164";"New North Corp.                                   ";"Food & Beverage                                   "
224;"69792317000104";"Warehouse Express Corp.                           ";"Services                                          "
225;"34549709000162";"Market Smith Inc.                                 ";"Construction Materials                            "
226;"67272149000109";"Emporium Center Inc.                              ";"Electronics                                       "
227;"51553146000103";"Market Online LLC                                 ";"Home & Decor                                      "
228;"19716754000170";"Warehouse Plus Corp.                              ";"Home & Decor                                      "
229;"72407435000166";"Agency Express Co.                                ";"Home & Decor                                      "
230;"48597934000189";"Distributor Johnson Corp.                         ";"Health & Beauty                                   "
231;"05191558000115";"Market Star Inc.                                  ";"Clothing                                          "
232;"75912044000197";"Group Plus Co.                                    ";"Health & Beauty                                   "
233;"64736081000175";"Group Star Inc.                                   ";"IT                                                "
234;"42912037000136";"New Smith LLC                                     ";"IT                                                "
235;"67361306000144";"Group North Corp.                                 ";"Food & Beverage                                   "
236;"62350975000105";"Stores Star Inc.                                  ";"Electronics                                       "
237;"39913643000161";"Agency Smith Co.                                  ";"Food & Beverage                                   "
238;"42351677000114";"Distributor North Ltd.                            ";"Clothing                                          "
239;"76044022000115";"Agency Smith Corp.                                ";"Clothing                                          "
240;"61569763000142";"Agency Center Ltd.                                ";"Health & Beauty                                   "
241;"67659118000105";"Warehouse Plus Co.                                ";"Services                                          "
242;"78423840000154";"Distributor Online Co.                            ";"IT                                                "
243;"02592918000100";"Bazaar North Inc.                                 ";"Clothing                                          "
244;"71091522000194";"New South Corp.                                   ";"Health & Beauty                                   "
245;"22920975000170";"Stores South Ltd.                                 ";"Home & Decor                                      "
246;"33937147000161";"Agency Johnson Inc.                               ";"Services                                          "
247;"43767773000100";"Warehouse Williams Inc.                           ";"Clothing                                          "
248;"33812691000187";"Bazaar National Ltd.                              ";"Services                                          "
249;"53607997000109";"Tech Plus Ltd.                                    ";"Services                                          "
250;"62002475000174";"Tech Solutions LLC                                ";"Construction Materials                            "
251;"45797326000120";"Tech Plus Co.                                     ";"Home & Decor                                      "
252;"56457829000172";"New National Corp.                                ";"Services                                          "
253;"89931134000130";"New Williams Corp.                                ";"Electronics                                       "
254;"01261199000174";"Market Johnson Co.                                ";"Home & Decor                                      "
255;"87167633000177";"Market Express Ltd.                               ";"Electronics                                       "
256;"77202766000183";"Bazaar Star LLC                                   ";"Clothing                                          "
257;"07945360000105";"Bazaar National Inc.                              ";"Health & Beauty                                   "
258;"25222379000105";"Group Center LLC                                  ";"Services                                          "
259;"41338911000100";"Agency Express Corp.                              ";"Electronics                                       "
260;"89690880000189";"Group Global LLC                                  ";"Health & Beauty                                   "
261;"91522635000104";"Commercial Plus Inc.                              ";"Electronics                                       "
262;"30139615000164";"Group Williams LLC                                ";"Food & Beverage                                   "
263;"34086513000189";"Group North Ltd.                                  ";"IT                                                "
264;"75525565000191";"Group Johnson Co.                                 ";"Services                                          "
265;"61511152000143";"Agency Online Ltd.                                ";"Food & Beverage                                   "
266;"78987970000110";"Agency Johnson Ltd.                               ";"Construction Materials                            "
267;"68675407000152";"Emporium Williams Corp.                           ";"Food & Beverage                                   "
268;"19574319000159";"Warehouse Global Co.                              ";"Clothing                                          "
269;"71517638000142";"Agency Center Ltd.                                ";"Clothing                                          "
270;"85407390000171";"Emporium Global Ltd.                              ";"Services                                          "
271;"11405727000175";"Warehouse National LLC                            ";"IT                                                "
272;"54357354000117";"Tech North Co.                                    ";"Food & Beverage                                   "
273;"03610931000108";"Emporium Online Co.                               ";"Health & Beauty                                   "
274;"13788764000135";"Agency North Inc.                                 ";"Construction Materials                            "
275;"55622458000174";"New Global Corp.                                  ";"IT                                                "
276;"73856195000140";"Group Star Corp.                                  ";"Electronics                                       "
277;"55831719000166";"Emporium South Ltd.                               ";"Health & Beauty                                   "
278;"22575152000155";"Market Johnson Co.                                ";"Food & Beverage                                   "
279;"21031893000102";"Distributor National Inc.                         ";"Home & Decor                                      "
280;"07480172000159";"Distributor South LLC                             ";"Electronics                                       "
281;"59664121000180";"Warehouse National Co.                            ";"Home & Decor                                      "
282;"21676851000129";"Agency South Ltd.                                 ";"Home & Decor                                      "
283;"30685204000174";"Emporium Johnson LLC                              ";"IT                                                "
284;"93394199000160";"Distributor Williams Corp.                        ";"Services                                          "
285;"29430600000171";"Bazaar Global LLC                                 ";"Construction Materials                            "
286;"24572430000146";"Warehouse Solutions Corp.                         ";"Services                                          "
287;"42394623000136";"Tech Global Corp.                                 ";"Food & Beverage                                   "
288;"41180304000165";"Commercial North Inc.                             ";"Electronics                                       "
289;"19699549000144";"Distributor Smith LLC                             ";"Clothing                                          "
290;"75677068000109";"Stores Online Co.                                 ";"Construction Materials                            "
291;"89094611000150";"Market Online Corp.                               ";"Home & Decor                                      "
292;"10063540000178";"New Center Ltd.                                   ";"Electronics                                       "
293;"71312260000140";"Bazaar Star Corp.                                 ";"IT                                                "
294;"54098841000102";"Market Center Inc.                                ";"Services                                          "
295;"23314926000157";"Emporium Johnson Inc.                             ";"Clothing                                          "
296;"22438323000102";"Group Center Ltd.                                 ";"Services                                          "
297;"51536285000110";"Warehouse Star Ltd.                               ";"Health & Beauty                                   "
298;"47872677000183";"Warehouse National Inc.                           ";"Food & Beverage                                   "
299;"68291280000178";"New Williams Inc.                                 ";"Electronics                                       "
300;"03057295000120";"Stores Solutions Inc.                             ";"Construction Materials                            "
301;"66121396000133";"Commercial Star Co.                               ";"Construction Materials                            "
302;"55598251000101";"Commercial Express LLC                            ";"Construction Materials                            "
303;"07242400000152";"New Global Co.                                    ";"IT                                                "
304;"64068178000157";"Warehouse Global Co.                              ";"Health & Beauty                                   "
305;"13853980000117";"Bazaar Express LLC                                ";"Home & Decor                                      "
306;"17662716000157";"Market Johnson LLC                                ";"Clothing                                          "
307;"60130177000134";"New South Corp.                                   ";"Food & Beverage                                   "
308;"67933741000104";"Group National Co.                                ";"IT                                                "
309;"49939982000170";"Distributor Solutions Co.                         ";"Electronics                                       "
310;"88644499000110";"Warehouse South Ltd.                              ";"Food & Beverage                                   "
311;"94836885000107";"Bazaar Smith LLC                                  ";"Food & Beverage                                   "
312;"88007056000119";"Group Star Corp.                                  ";"Electronics                                       "
313;"53927473000103";"Tech Online Co.                                   ";"Home & Decor                                      "
314;"75748873000186";"Stores Plus Corp.                                 ";"Health & Beauty                                   "
315;"88817132000151";"Tech Williams Ltd.                                ";"Home & Decor                                      "
316;"11160418000182";"Stores Williams LLC                               ";"Construction Materials                            "
317;"26988676000129";"Tech Williams Ltd.                                ";"IT                                                "
318;"50846594000124";"Market Williams Ltd.                              ";"Food & Beverage                                   "
319;"83102333000159";"Commercial Global Corp.                           ";"Electronics                                       "
320;"13609733000170";"Stores Express Inc.                               ";"Health & Beauty                                   "
321;"14782645000138";"Tech Express Co.                                  ";"Electronics                                       "
322;"50141676000173";"Stores Plus Co.                                   ";"Food & Beverage                                   "
323;"64059681000146";"Agency Williams Corp.                             ";"Electronics                                       "
324;"29620469000105";"Bazaar Online Corp.                               ";"Food & Beverage                                   "
325;"42687249000167";"Group Center Corp.                                ";"Food & Beverage                                   "
326;"40365656000122";"Commercial National Ltd.                          ";"Construction Materials                            "
327;"79497022000169";"Stores Star Corp.                                 ";"Health & Beauty                                   "
328;"29643011000171";"Distributor North LLC                             ";"Home & Decor                                      "
329;"40984988000195";"Commercial Online Corp.                           ";"Electronics                                       "
330;"82708605000104";"Market Plus Co.                                   ";"Food & Beverage                                   "
331;"55614657000130";"Commercial Center LLC                             ";"Electronics                                       "
332;"93041225000177";"Bazaar North Inc.                                 ";"Construction Materials                            "
333;"88700588000137";"New South Ltd.                                    ";"Clothing                                          "
334;"99711604000103";"New Solutions Inc.                                ";"Food & Beverage                                   "
335;"63843314000176";"Distributor Online Co.                            ";"Electronics                                       "
336;"43398380000177";"Agency Plus LLC                                   ";"Construction Materials                            "
337;"70728145000199";"Bazaar Global Co.                                 ";"Health & Beauty                                   "
338;"32779631000147";"Commercial Star LLC                               ";"Home & Decor                                      "
339;"55710219000176";"Distributor Solutions LLC                         ";"Food & Beverage                                   "
340;"62935475000127";"Market Solutions LLC                              ";"Electronics                                       "
341;"51378188000147";"Distributor North Co.                             ";"Electronics                                       "
342;"32096582000148";"Tech Solutions Corp.                              ";"Construction Materials                            "
343;"48999563000161";"Stores North Corp.                                ";"Clothing                                          "
344;"96132188000109";"Tech Center Corp.                                 ";"Services                                          "
345;"68101239000191";"Warehouse Center Ltd.                             ";"Services                                          "
346;"05258613000147";"Warehouse Plus Ltd.                               ";"Clothing                                          "
347;"55785285000105";"Distributor Online Corp.                          ";"IT                                                "
348;"37092614000150";"Commercial Solutions Corp.                        ";"IT                                                "
349;"25535149000104";"Stores Global Corp.                               ";"IT                                                "
350;"35029933000196";"Stores Star LLC                                   ";"Health & Beauty                                   "
351;"72783992000181";"Emporium Center Ltd.                              ";"Health & Beauty                                   "
352;"61736893000122";"Warehouse Johnson Corp.                           ";"Electronics                                       "
353;"92838048000191";"Commercial Plus LLC                               ";"Home & Decor                                      "
354;"55748206000196";"Bazaar Center Corp.                               ";"Food & Beverage                                   "
355;"48314749000130";"New Williams Inc.                                 ";"Food & Beverage                                   "
356;"07325717000152";"Stores Center Co.                                 ";"Home & Decor                                      "
357;"42596578000100";"Distributor South LLC                             ";"Home & Decor                                      "
358;"67491390000110";"Distributor North LLC                             ";"Clothing                                          "
359;"97567993000110";"Bazaar Williams Co.                               ";"Construction Materials                            "
360;"50073885000127";"Warehouse Express Co.                             ";"IT                                                "
361;"31195484000103";"Group National Corp.                              ";"Home & Decor                                      "
362;"56774310000118";"Agency National Corp.                             ";"Food & Beverage                                   "
363;"21810346000125";"Bazaar National Ltd.                              ";"Clothing                                          "
364;"43237234000160";"Stores Johnson Ltd.                               ";"Home & Decor                                      "
365;"13685306000170";"Stores Johnson Corp.                              ";"Construction Materials                            "
366;"10375412000160";"Stores Solutions Corp.                            ";"Construction Materials                            "
367;"62467852000140";"Emporium Williams Co.                             ";"Home & Decor                                      "
368;"04046230000142";"Commercial Plus Corp.                             ";"Electronics                                       "
369;"56094153000108";"Commercial Johnson LLC                            ";"Services                                          "
370;"18961355000102";"Commercial Johnson LLC                            ";"Electronics                                       "
371;"95512983000151";"Stores Global Inc.                                ";"Clothing                                          "
372;"27470474000153";"Bazaar Smith Inc.                                 ";"Food & Beverage                                   "
373;"18302183000165";"Commercial Plus Ltd.                              ";"IT                                                "
374;"31441864000172";"Agency Plus Inc.                                  ";"Electronics                                       "
375;"38347396000110";"Tech Johnson LLC                                  ";"Home & Decor                                      "
376;"40758768000143";"Agency Johnson Co.                                ";"Home & Decor                                      "
377;"19401807000164";"Emporium Smith LLC                                ";"Home & Decor                                      "
378;"79222705000103";"Group Star LLC                                    ";"Health & Beauty                                   "
379;"20806771000188";"Distributor Online Ltd.                           ";"Services                                          "
380;"89583072000112";"Group Plus Co.                                    ";"IT                                                "
381;"18762916000144";"Distributor Johnson LLC                           ";"Construction Materials                            "
382;"35913022000127";"Group Johnson LLC                                 ";"Construction Materials                            "
383;"53311221000147";"Commercial Johnson Corp.                          ";"Services                                          "
384;"70782267000163";"Agency North Co.                                  ";"IT                                                "
385;"40020679000103";"Market North Corp.                                ";"Services                                          "
386;"33142962000134";"New Star Inc.                                     ";"Clothing                                          "
387;"99657724000170";"Group National Corp.                              ";"Construction Materials                            "
388;"51497937000155";"Market Smith Ltd.                                 ";"IT                                                "
389;"61998806000105";"Emporium North LLC                                ";"Health & Beauty                                   "
390;"36420057000197";"Commercial Solutions LLC                          ";"Home & Decor                                      "
391;"43196012000146";"Tech Williams Inc.                                ";"Health & Beauty                                   "
392;"66606671000109";"Agency Solutions Corp.                            ";"Construction Materials                            "
393;"58134023000179";"Agency Johnson Co.                                ";"Clothing                                          "
394;"43006489000111";"Commercial National Corp.                         ";"Clothing                                          "
395;"00411740000110";"Bazaar Star LLC                                   ";"Health & Beauty                                   "
396;"68058635000183";"Agency Global Corp.                               ";"Health & Beauty                                   "
397;"74913266000161";"Group Johnson LLC                                 ";"Electronics                                       "
398;"83484852000129";"Tech Plus Corp.                                   ";"Construction Materials                            "
399;"59720462000126";"Bazaar Williams Inc.                              ";"Electronics                                       "
400;"62601700000199";"Distributor National Ltd.                         ";"Food & Beverage                                   "
401;"70308818000151";"Market Center Inc.                                ";"Services                                          "
402;"34476502000105";"Distributor Plus Ltd.                             ";"Electronics                                       "
403;"51798787000110";"Bazaar Center LLC                                 ";"Home & Decor                                      "
404;"56911644000196";"Market Star Inc.                                  ";"Health & Beauty                                   "
405;"00750938000129";"Warehouse North Corp.                             ";"Home & Decor                                      "
406;"54189790000124";"Market South Inc.                                 ";"Services                                          "
407;"89818281000106";"Agency Solutions Ltd.                             ";"Clothing                                          "
408;"04432168000127";"Distributor Express Corp.                         ";"Health & Beauty                                   "
409;"26528326000180";"Bazaar Solutions Corp.                            ";"Health & Beauty                                   "
410;"50449528000110";"New Johnson Inc.                                  ";"Clothing                                          "
411;"50601502000146";"Bazaar South Ltd.                                 ";"Food & Beverage                                   "
412;"36753852000105";"Bazaar South Corp.                                ";"Construction Materials                            "
413;"15201447000104";"Stores Johnson Inc.                               ";"Services                                          "
414;"07438542000190";"Stores Smith Corp.                                ";"Construction Materials                            "
415;"05268142000158";"Warehouse Plus LLC                                ";"Health & Beauty                                   "
416;"01268052000106";"Group Online LLC                                  ";"IT                                                "
417;"93572521000102";"Commercial Williams LLC                           ";"Health & Beauty                                   "
418;"68179544000104";"Stores Solutions Ltd.                             ";"Electronics                                       "
419;"20144764000168";"Stores Online LLC                                 ";"Services                                          "
420;"65415362000199";"Group Solutions Co.                               ";"Home & Decor                                      "
421;"35179026000123";"Stores Global Co.                                 ";"Health & Beauty                                   "
422;"19492690000171";"Bazaar Plus Corp.                                 ";"Electronics                                       "
423;"49559836000110";"Commercial National Corp.                         ";"Electronics                                       "
424;"71279719000151";"Tech South Inc.                                   ";"Food & Beverage                                   "
425;"74908456000190";"Market Plus Inc.                                  ";"Home & Decor                                      "
426;"38168452000150";"Commercial Express Corp.                          ";"Construction Materials                            "
427;"71997265000154";"Stores Star Inc.                                  ";"Food & Beverage                                   "
428;"64582209000193";"Agency North Co.                                  ";"Home & Decor                                      "
429;"59425950000100";"Group Johnson Co.                                 ";"Food & Beverage                                   "
430;"40744050000106";"Market Williams Inc.                              ";"Services                                          "
431;"77775881000147";"Agency South Ltd.                                 ";"IT                                                "
432;"37829339000105";"Group Williams Corp.                              ";"Health & Beauty                                   "
433;"38039852000165";"Emporium Online Ltd.                              ";"IT                                                "
434;"49930512000146";"Stores Plus Inc.                                  ";"IT                                                "
435;"09987011000181";"Group Online LLC                                  ";"Electronics                                       "
436;"96530733000107";"Warehouse South Corp.                             ";"Services                                          "
437;"98766643000145";"Distributor North Ltd.                            ";"IT                                                "
438;"57726933000188";"Distributor South Ltd.                            ";"Health & Beauty                                   "
439;"77225833000185";"Distributor Smith Co.                             ";"Electronics                                       "
440;"76836994000142";"Emporium Plus Corp.                               ";"Electronics                                       "
441;"27269042000189";"Tech Express Inc.                                 ";"Home & Decor                                      "
442;"70486159000143";"Group Express Co.                                 ";"Health & Beauty                                   "
443;"87326668000101";"Stores North LLC                                  ";"Construction Materials                            "
444;"16940631000120";"Group Plus Ltd.                                   ";"IT                                                "
445;"98126589000173";"Group Center Corp.                                ";"IT                                                "
446;"82586877000170";"Commercial Global Co.                             ";"Health & Beauty                                   "
447;"32085866000139";"Group National Ltd.                               ";"Construction Materials                            "
448;"05273783000109";"Market Johnson Ltd.                               ";"Construction Materials                            "
449;"75446780000105";"Emporium Solutions Ltd.                           ";"IT                                                "
450;"56417193000135";"Commercial Williams Ltd.                          ";"Electronics                                       "
451;"68741878000111";"Market Plus Ltd.                                  ";"Clothing                                          "
452;"84633511000130";"Bazaar Center Inc.                                ";"Health & Beauty                                   "
453;"08669794000192";"Bazaar North Ltd.                                 ";"IT                                                "
454;"92578701000120";"Warehouse National Inc.                           ";"IT                                                "
455;"08015564000100";"New Center Corp.                                  ";"Construction Materials                            "
456;"30195019000100";"Warehouse Plus Ltd.                               ";"Construction Materials                            "
457;"28800187000127";"Group South Corp.                                 ";"Services                                          "
458;"36743763000170";"Commercial Express Inc.                           ";"Food & Beverage                                   "
459;"11088978000173";"Stores Johnson Corp.                              ";"Services                                          "
460;"68818202000189";"Stores North Ltd.                                 ";"Home & Decor                                      "
461;"04848064000106";"Agency Smith Ltd.                                 ";"Construction Materials                            "
462;"50831343000176";"Emporium Johnson LLC                              ";"Food & Beverage                                   "
463;"44644787000108";"Stores National Co.                               ";"Health & Beauty                                   "
464;"85246826000198";"Commercial Center Co.                             ";"Electronics                                       "
465;"39765435000162";"Agency Global LLC                                 ";"Food & Beverage                                   "
466;"91848454000172";"Bazaar South Inc.                                 ";"Electronics                                       "
467;"85500172000187";"Market Star Corp.                                 ";"Home & Decor                                      "
468;"58840751000104";"Distributor Express LLC                           ";"Food & Beverage                                   "
469;"87178787000164";"Agency Global Co.                                 ";"Food & Beverage                                   "
470;"18320246000106";"Agency National Corp.                             ";"IT                                                "
471;"01221314000187";"Emporium Solutions Co.                            ";"Electronics                                       "
472;"96986515000181";"Distributor Online LLC                            ";"Services                                          "
473;"51649488000113";"Stores Smith LLC                                  ";"Health & Beauty                                   "
474;"91260123000117";"Agency Star Corp.                                 ";"IT                                                "
475;"56690349000157";"Emporium Star Corp.                               ";"Clothing                                          "
476;"47839931000141";"Agency Plus Corp.                                 ";"Home & Decor                                      "
477;"23569857000122";"Commercial National Inc.                          ";"Food & Beverage                                   "
478;"75007041000109";"Group South Inc.                                  ";"Home & Decor                                      "
479;"46422497000137";"Stores Solutions LLC                              ";"Home & Decor                                      "
480;"57646308000126";"Market Center Corp.                               ";"Services                                          "
481;"94558099000195";"Bazaar Global LLC                                 ";"Food & Beverage                                   "
482;"34888906000106";"Distributor South LLC                             ";"Food & Beverage                                   "
483;"87608926000142";"Bazaar Johnson Ltd.                               ";"Health & Beauty                                   "
484;"64902652000102";"Group Online Inc.                                 ";"Electronics                                       "
485;"96440953000140";"Bazaar Plus LLC                                   ";"IT                                                "
486;"96319032000123";"Group North Co.                                   ";"Electronics                                       "
487;"01048135000190";"Distributor North Corp.                           ";"Food & Beverage                                   "
488;"77747050000161";"Emporium Williams Co.                             ";"Electronics                                       "
489;"93699222000125";"Emporium North LLC                                ";"Food & Beverage                                   "
490;"71789445000140";"Warehouse Center Ltd.                             ";"Food & Beverage                                   "
491;"65019510000156";"New North Co.                                     ";"Food & Beverage                                   "
492;"53247950000181";"Emporium Solutions Co.                            ";"Health & Beauty                                   "
493;"68456294000102";"Commercial Express Inc.                           ";"Electronics                                       "
494;"98616617000130";"Group Smith Inc.                                  ";"Home & Decor                                      "
495;"82418414000108";"Distributor Center Co.                            ";"Clothing                                          "
496;"08371749000157";"Agency Express Ltd.                               ";"Services                                          "
497;"17214306000143";"Warehouse Solutions Corp.                         ";"Electronics                                       "
498;"19308592000131";"Emporium Johnson Ltd.                             ";"Health & Beauty                                   "
499;"57174380000106";"Bazaar Express Inc.                               ";"IT                                                "
500;"25966533000153";"Group Smith Ltd.                                  ";"Services                                          "
501;"13259724000104";"Commercial Global Corp.                           ";"Health & Beauty                                   "
502;"68376784000190";"Tech North Co.                                    ";"Health & Beauty                                   "
503;"14226722000173";"Market Express Corp.                              ";"Construction Materials                            "
504;"17565297000135";"New Williams Inc.                                 ";"Clothing                                          "
505;"85644340000108";"Distributor Smith Inc.                            ";"Food & Beverage                                   "
506;"56455225000197";"Agency Plus Corp.                                 ";"Services                                          "
507;"63061131000107";"Emporium Johnson LLC                              ";"Food & Beverage                                   "
508;"10245418000112";"New Solutions Co.                                 ";"IT                                                "
509;"78909630000170";"Emporium South Co.                                ";"Clothing                                          "
510;"75808322000160";"Stores Plus Ltd.                                  ";"Electronics                                       "
511;"81649554000116";"Distributor National LLC                          ";"Construction Materials                            "
512;"33654380000137";"Emporium Johnson Ltd.                             ";"Food & Beverage                                   "
513;"63832041000164";"Emporium South Ltd.                               ";"Home & Decor                                      "
514;"20303351000189";"New Smith Corp.                                   ";"Services                                          "
515;"22901292000176";"Distributor Williams Inc.                         ";"Health & Beauty                                   "
516;"55764390000168";"Group Smith LLC                                   ";"Clothing                                          "
517;"37260926000126";"Bazaar Solutions Co.                              ";"Food & Beverage                                   "
518;"91255975000116";"Tech Williams Corp.                               ";"Health & Beauty                                   "
519;"95761786000176";"Commercial Express Inc.                           ";"Home & Decor                                      "
520;"47349475000151";"Tech South Corp.                                  ";"Construction Materials                            "
521;"54648799000156";"Commercial Star LLC                               ";"Services                                          "
522;"19307634000110";"New Center Ltd.                                   ";"Food & Beverage                                   "
523;"34223493000140";"Group Star Co.                                    ";"IT                                                "
524;"59711470000106";"Tech Solutions Inc.                               ";"Health & Beauty                                   "
525;"30718877000183";"Tech Williams Co.                                 ";"Food & Beverage                                   "
526;"13386163000104";"Bazaar Solutions Co.                              ";"IT                                                "
527;"20569116000153";"New South Corp.                                   ";"Clothing                                          "
528;"64060324000106";"Warehouse North LLC                               ";"Food & Beverage                                   "
529;"87126176000172";"Bazaar North Inc.                                 ";"Home & Decor                                      "
530;"46519840000166";"Tech Express Corp.                                ";"Electronics                                       "
531;"72051918000170";"Distributor Online Ltd.                           ";"Home & Decor                                      "
532;"36241220000154";"Tech North LLC                                    ";"Health & Beauty                                   "
533;"12255994000176";"Warehouse Express Inc.                            ";"IT                                                "
534;"13509145000164";"Market Williams Ltd.                              ";"Services                                          "
535;"00145097000120";"Commercial Johnson Ltd.                           ";"IT                                                "
536;"50550080000127";"Agency Smith Inc.                                 ";"Electronics                                       "
537;"00585870000170";"Group Global LLC                                  ";"Health & Beauty                                   "
538;"41384435000164";"Emporium Star LLC                                 ";"Health & Beauty                                   "
539;"43912512000137";"Market Express LLC                                ";"Services                                          "
540;"84540647000104";"Agency Global Ltd.                                ";"Health & Beauty                                   "
541;"19125040000198";"Market North Co.                                  ";"Clothing                                          "
542;"33410168000124";"Agency South Inc.                                 ";"Health & Beauty                                   "
543;"22002054000129";"Emporium Express Corp.                            ";"Health & Beauty                                   "
544;"95570964000181";"Stores Online Inc.                                ";"Food & Beverage                                   "
545;"62821871000123";"Emporium Online LLC                               ";"Clothing                                          "
546;"68830472000105";"Tech Global Inc.                                  ";"Construction Materials                            "
547;"83790301000193";"Tech South Inc.                                   ";"Electronics                                       "
548;"60665625000102";"Bazaar Smith Ltd.                                 ";"Electronics                                       "
549;"61007469000147";"Distributor North Inc.                            ";"Health & Beauty                                   "
550;"06691149000140";"Distributor Global Corp.                          ";"Services                                          "
551;"75960686000161";"Tech Johnson Co.                                  ";"Home & Decor                                      "
552;"11310376000119";"Market Online Inc.                                ";"Electronics                                       "
553;"48104218000112";"New Plus Ltd.                                     ";"Home & Decor                                      "
554;"50775260000107";"Group Global LLC                                  ";"Electronics                                       "
555;"38884700000169";"Group Online Ltd.                                 ";"Services                                          "
556;"40733803000170";"New Online Ltd.                                   ";"Construction Materials                            "
557;"75516348000135";"Warehouse Star Ltd.                               ";"Clothing                                          "
558;"98329759000117";"Bazaar Smith Inc.                                 ";"Electronics                                       "
559;"99129897000115";"Market Johnson LLC                                ";"Construction Materials                            "
560;"53306490000115";"Market Star Corp.                                 ";"Home & Decor                                      "
561;"63961832000194";"Distributor Williams Inc.                         ";"Health & Beauty                                   "
562;"58197916000163";"Market Solutions Inc.                             ";"Health & Beauty                                   "
563;"31630353000107";"Tech Williams Ltd.                                ";"Health & Beauty                                   "
564;"52873626000106";"Market Plus Ltd.                                  ";"Food & Beverage                                   "
565;"44101646000130";"Agency Williams Inc.                              ";"IT                                                "
566;"07397680000178";"Distributor Star LLC                              ";"Construction Materials                            "
567;"82675505000110";"Warehouse Plus Inc.                               ";"Food & Beverage                                   "
568;"40816619000193";"New Center Co.                                    ";"Health & Beauty                                   "
569;"38098190000102";"Agency National Co.                               ";"Health & Beauty                                   "
570;"02494413000103";"Warehouse Express Inc.                            ";"Food & Beverage                                   "
571;"55273155000193";"Distributor North Co.                             ";"Services                                          "
572;"92978031000130";"Group Solutions Co.                               ";"Clothing                                          "
573;"80308057000191";"Group Global LLC                                  ";"Health & Beauty                                   "
574;"10938388000120";"Agency South LLC                                  ";"IT                                                "
575;"16303407000128";"Market Center Corp.                               ";"Clothing                                          "
576;"70046734000197";"Tech Smith Inc.                                   ";"Construction Materials                            "
577;"34561812000128";"Agency Solutions Corp.                            ";"Home & Decor                                      "
578;"29763019000171";"Agency Express Inc.                               ";"Construction Materials                            "
579;"28547216000190";"Commercial Global Inc.                            ";"Construction Materials                            "
580;"50525572000162";"New Express Co.                                   ";"Services                                          "
581;"19561456000159";"Agency Express Inc.                               ";"Services                                          "
582;"94572708000160";"Market Star LLC                                   ";"Home & Decor                                      "
583;"75900431000103";"Tech Plus LLC                                     ";"Clothing                                          "
584;"39570895000135";"Tech Solutions Co.                                ";"Electronics                                       "
585;"68446499000107";"Distributor Express Co.                           ";"Electronics                                       "
586;"26240750000124";"Emporium Plus LLC                                 ";"Services                                          "
587;"64754695000180";"Tech Williams Co.                                 ";"Health & Beauty                                   "
588;"43448942000140";"Emporium Center Inc.                              ";"Services                                          "
589;"00180469000150";"New Plus Corp.                                    ";"Services                                          "
590;"18017109000105";"Group Star Ltd.                                   ";"Food & Beverage                                   "
591;"63855275000127";"Group Star Inc.                                   ";"IT                                                "
592;"08095278000100";"Commercial National Inc.                          ";"Clothing                                          "
593;"97159613000108";"New Johnson Corp.                                 ";"Electronics                                       "
594;"56116200000169";"Market Online Inc.                                ";"Home & Decor                                      "
595;"21124263000182";"Distributor Star LLC                              ";"Food & Beverage                                   "
596;"77410272000194";"Emporium Center Corp.                             ";"IT                                                "
597;"09836124000186";"Agency Express Ltd.                               ";"Home & Decor                                      "
598;"11334466000140";"Group North Co.                                   ";"Construction Materials                            "
599;"11366211000169";"Stores South Corp.                                ";"Health & Beauty                                   "
600;"74565929000102";"Agency North Inc.                                 ";"Construction Materials                            "
601;"09375441000142";"Emporium Express Inc.                             ";"Home & Decor                                      "
602;"60161016000108";"Bazaar Express Ltd.                               ";"Services                                          "
603;"71794767000188";"Stores Johnson Inc.                               ";"IT                                                "
604;"95625327000165";"Stores North Corp.                                ";"IT                                                "
605;"73276093000155";"Warehouse National Inc.                           ";"IT                                                "
606;"23563814000130";"Market South LLC                                  ";"Home & Decor                                      "
607;"75521983000100";"Group Express Ltd.                                ";"Clothing                                          "
608;"04962258000120";"Tech Plus Corp.                                   ";"Home & Decor                                      "
609;"95632032000116";"Stores Smith Inc.                                 ";"Services                                          "
610;"00414431000102";"Distributor Express Inc.                          ";"Home & Decor                                      "
611;"38909632000145";"Bazaar North Corp.                                ";"Home & Decor                                      "
612;"87443273000199";"Group Solutions LLC                               ";"Electronics                                       "
613;"53966202000159";"Distributor Center Inc.                           ";"Electronics                                       "
614;"27428326000170";"Group Online Inc.                                 ";"Services                                          "
615;"98281625000173";"Agency Williams LLC                               ";"Home & Decor                                      "
616;"07216055000182";"Emporium South Corp.                              ";"Electronics                                       "
617;"32249380000199";"Group Johnson Corp.                               ";"Health & Beauty                                   "
618;"35876422000100";"Bazaar Smith Co.                                  ";"Services                                          "
619;"00092324000105";"Distributor Global Co.                            ";"IT                                                "
620;"96372271000147";"Market Williams Inc.                              ";"IT                                                "
621;"27693259000111";"Agency North Co.                                  ";"Services                                          "
622;"21975055000197";"Warehouse Johnson Inc.                            ";"Clothing                                          "
623;"71956639000193";"Emporium North Inc.                               ";"Services                                          "
624;"10126230000155";"Agency National Co.                               ";"Health & Beauty                                   "
625;"69773498000121";"Emporium Solutions Co.                            ";"Health & Beauty                                   "
626;"64176452000101";"Group Johnson Co.                                 ";"Construction Materials                            "
627;"65564225000116";"Market Star Corp.                                 ";"Food & Beverage                                   "
628;"27986033000109";"Group Smith Inc.                                  ";"Clothing                                          "
629;"02067205000110";"Market Global Corp.                               ";"Electronics                                       "
630;"49969552000100";"Bazaar Williams Inc.                              ";"Clothing                                          "
631;"56298603000176";"Stores Online Co.                                 ";"IT                                                "
632;"17681878000132";"Group Global Corp.                                ";"Clothing                                          "
633;"44371639000159";"Group Star Co.                                    ";"Services                                          "
634;"95586634000184";"Bazaar Global Ltd.                                ";"Health & Beauty                                   "
635;"41981492000120";"Warehouse North Ltd.                              ";"Food & Beverage                                   "
636;"78698595000198";"Distributor Express Ltd.                          ";"IT                                                "
637;"92524431000175";"Warehouse Center Inc.                             ";"Construction Materials                            "
638;"48700309000110";"Commercial Global Ltd.                            ";"Construction Materials                            "
639;"98259330000109";"Distributor National Ltd.                         ";"Health & Beauty                                   "
640;"52976686000154";"Stores Global Inc.                                ";"Clothing                                          "
641;"80181449000132";"Warehouse National LLC                            ";"Construction Materials                            "
642;"80060957000162";"Tech Online Corp.                                 ";"Clothing                                          "
643;"10568680000106";"Emporium Solutions Corp.                          ";"Home & Decor                                      "
644;"73268232000107";"Agency South LLC                                  ";"Health & Beauty                                   "
645;"33076387000119";"Warehouse North Inc.                              ";"Food & Beverage                                   "
646;"51463077000139";"Distributor Smith Corp.                           ";"Construction Materials                            "
647;"30104803000157";"Warehouse Express LLC                             ";"Electronics                                       "
648;"91474843000185";"Bazaar Express LLC                                ";"Construction Materials                            "
649;"58010894000180";"New South Inc.                                    ";"Services                                          "
650;"38768848000138";"Market National LLC                               ";"Home & Decor                                      "
651;"17386742000108";"Emporium Plus Ltd.                                ";"Home & Decor                                      "
652;"52079795000179";"New Williams Ltd.                                 ";"Home & Decor                                      "
653;"11612906000183";"Emporium Smith LLC                                ";"Clothing                                          "
654;"50626258000176";"Distributor National Ltd.                         ";"Clothing                                          "
655;"92067746000130";"Emporium Williams LLC                             ";"Services                                          "
656;"64818732000176";"Bazaar Express Corp.                              ";"Electronics                                       "
657;"21003538000120";"Bazaar Express Ltd.                               ";"Electronics                                       "
658;"92903972000104";"Stores South LLC                                  ";"Services                                          "
659;"69466953000146";"Warehouse Solutions LLC                           ";"Services                                          "
660;"06712086000161";"Stores Smith Inc.                                 ";"Services                                          "
661;"25106923000153";"New Global LLC                                    ";"IT                                                "
662;"50141077000150";"Agency Solutions Inc.                             ";"Clothing                                          "
663;"18321783000170";"Tech Solutions Co.                                ";"Electronics                                       "
664;"26782687000158";"New Smith Ltd.                                    ";"Electronics                                       "
665;"24616586000181";"Group Online Inc.                                 ";"Services                                          "
666;"31844503000177";"Tech Williams Co.                                 ";"Food & Beverage                                   "
667;"18437556000105";"Group Smith Ltd.                                  ";"Clothing                                          "
668;"73492123000160";"Stores South Corp.                                ";"Health & Beauty                                   "
669;"66957397000112";"Bazaar Johnson LLC                                ";"Clothing                                          "
670;"54617879000144";"Agency National LLC                               ";"Electronics                                       "
671;"13353983000191";"Commercial Center Corp.                           ";"Construction Materials                            "
672;"33540595000127";"New North Corp.                                   ";"Health & Beauty                                   "
673;"90492056000101";"Stores North LLC                                  ";"Construction Materials                            "
674;"08264883000159";"New Star Ltd.                                     ";"Construction Materials                            "
675;"70879671000150";"New Online LLC                                    ";"Home & Decor                                      "
676;"94797703000136";"Market Center LLC                                 ";"Clothing                                          "
677;"85702093000159";"Bazaar Express Co.                                ";"IT                                                "
678;"03150013000135";"Market Smith Inc.                                 ";"Home & Decor                                      "
679;"94330790000117";"Warehouse National Co.                            ";"Services                                          "
680;"86183455000105";"Market South LLC                                  ";"Services                                          "
681;"45173474000173";"New Online Inc.                                   ";"Health & Beauty                                   "
682;"57194612000180";"New Online Ltd.                                   ";"Services                                          "
683;"61155834000160";"New Online LLC                                    ";"Electronics                                       "
684;"90195783000107";"Group Center Corp.                                ";"Home & Decor                                      "
685;"14689743000125";"Agency Solutions Inc.                             ";"IT                                                "
686;"98214027000181";"Agency Solutions Inc.                             ";"Construction Materials                            "
687;"98713018000135";"Commercial Smith Co.                              ";"Construction Materials                            "
688;"22918048000116";"Group Smith LLC                                   ";"Electronics                                       "
689;"70208748000160";"Commercial South Corp.                            ";"IT                                                "
690;"18447023000104";"Tech Center Co.                                   ";"Health & Beauty                                   "
691;"42468108000153";"Stores National LLC                               ";"IT                                                "
692;"48165612000160";"Tech Solutions Ltd.                               ";"Services                                          "
693;"55213745000120";"Agency Johnson Ltd.                               ";"Services                                          "
694;"58072882000180";"Warehouse Global Corp.                            ";"IT                                                "
695;"46023961000112";"New Star Inc.                                     ";"Health & Beauty                                   "
696;"00935470000147";"Agency Plus Ltd.                                  ";"IT                                                "
697;"38474249000101";"Agency Global Inc.                                ";"IT                                                "
698;"88296650000177";"Distributor Johnson LLC                           ";"Construction Materials                            "
699;"31769236000110";"Group Express Inc.                                ";"Services                                          "
700;"72615058000150";"Stores Online Co.                                 ";"IT                                                "
701;"10245440000162";"Distributor Johnson Inc.                          ";"Services                                          "
702;"59191216000124";"Distributor Williams Ltd.                         ";"Construction Materials                            "
703;"15933435000166";"Commercial Smith LLC                              ";"Construction Materials                            "
704;"19114726000183";"Stores Online Co.                                 ";"IT                                                "
705;"70889947000180";"Stores Johnson LLC                                ";"Services                                          "
706;"15910096000100";"Emporium Online LLC                               ";"Services                                          "
707;"62244645000127";"Distributor Global Co.                            ";"Food & Beverage                                   "
708;"79209478000186";"Bazaar Solutions LLC                              ";"IT                                                "
709;"77975310000156";"New Online Corp.                                  ";"Clothing                                          "
710;"43517939000130";"Stores Global Co.                                 ";"Clothing                                          "
711;"22655935000149";"Emporium South Corp.                              ";"Home & Decor                                      "
712;"42599008000166";"Stores North Corp.                                ";"Construction Materials                            "
713;"37187344000161";"Emporium Smith Inc.                               ";"Construction Materials                            "
714;"44316639000156";"Emporium Star LLC                                 ";"Construction Materials                            "
715;"93497651000110";"New Johnson Corp.                                 ";"Home & Decor                                      "
716;"73402945000103";"Market Center Inc.                                ";"Services                                          "
717;"90435674000101";"Tech Williams Inc.                                ";"Health & Beauty                                   "
718;"44055230000123";"Warehouse Solutions Ltd.                          ";"Construction Materials                            "
719;"43434305000114";"Commercial Global Inc.                            ";"Construction Materials                            "
720;"03360400000104";"Tech National Ltd.                                ";"Food & Beverage                                   "
721;"61819594000151";"Market Smith Co.                                  ";"Food & Beverage                                   "
722;"32511468000137";"Emporium Center Ltd.                              ";"IT                                                "
723;"88466787000122";"New Williams Co.                                  ";"Construction Materials                            "
724;"45732802000124";"Agency South Ltd.                                 ";"Home & Decor                                      "
725;"07654765000194";"Market Online LLC                                 ";"Electronics                                       "
726;"54582643000110";"Warehouse Solutions LLC                           ";"IT                                                "
727;"65830990000130";"Distributor Express Corp.                         ";"Clothing                                          "
728;"70044702000152";"New Plus Inc.                                     ";"IT                                                "
729;"33778217000186";"Commercial Plus LLC                               ";"Health & Beauty                                   "
730;"39890736000118";"Bazaar Solutions Co.                              ";"Clothing                                          "
731;"92756766000119";"New Online Ltd.                                   ";"Health & Beauty                                   "
732;"96095951000160";"Agency South Corp.                                ";"Electronics                                       "
733;"27695861000198";"Commercial Solutions LLC                          ";"IT                                                "
734;"84012923000153";"Market Johnson LLC                                ";"Food & Beverage                                   "
735;"56141086000127";"New North Co.                                     ";"Clothing                                          "
736;"49580400000102";"Stores National Inc.                              ";"Construction Materials                            "
737;"57589384000147";"Group Center LLC                                  ";"Clothing                                          "
738;"85397349000161";"Distributor North Corp.                           ";"Food & Beverage                                   "
739;"72131943000164";"Agency Center Co.                                 ";"IT                                                "
740;"83609827000124";"Tech Center LLC                                   ";"IT                                                "
741;"84324860000170";"Group Global Inc.                                 ";"Electronics                                       "
742;"60295669000180";"Market South LLC                                  ";"Home & Decor                                      "
743;"76052869000141";"Emporium Express Corp.                            ";"Construction Materials                            "
744;"61202654000192";"New South LLC                                     ";"Electronics                                       "
745;"33367293000107";"New Online Corp.                                  ";"Food & Beverage                                   "
746;"99716231000163";"Tech Express Ltd.                                 ";"Health & Beauty                                   "
747;"54038015000178";"Distributor Center Co.                            ";"Food & Beverage                                   "
748;"85842350000158";"Agency Star Co.                                   ";"Clothing                                          "
749;"08701329000191";"Bazaar Johnson Co.                                ";"Home & Decor                                      "
750;"02373900000100";"Commercial Star LLC                               ";"IT                                                "
751;"17637663000114";"Agency Williams Co.                               ";"Health & Beauty                                   "
752;"13005506000135";"Warehouse Johnson Corp.                           ";"IT                                                "
753;"63772084000100";"Tech National Corp.                               ";"Construction Materials                            "
754;"37976852000129";"Distributor South Ltd.                            ";"IT                                                "
755;"35324148000166";"Market Williams Inc.                              ";"Construction Materials                            "
756;"54397722000150";"New Plus Inc.                                     ";"Electronics                                       "
757;"56650779000145";"Agency Express Co.                                ";"IT                                                "
758;"36926882000168";"Warehouse Solutions Co.                           ";"Home & Decor                                      "
759;"41035623000187";"Warehouse South Ltd.                              ";"Clothing                                          "
760;"47932156000174";"Agency Solutions Co.                              ";"Home & Decor                                      "
761;"58876053000150";"Tech Star Corp.                                   ";"Home & Decor                                      "
762;"59925138000144";"Stores Williams Ltd.                              ";"Home & Decor                                      "
763;"20744163000196";"Emporium Plus Ltd.                                ";"Home & Decor                                      "
764;"12965312000119";"Tech Johnson Inc.                                 ";"IT                                                "
765;"79109188000160";"Warehouse Center Co.                              ";"Food & Beverage                                   "
766;"96068506000101";"Distributor Center Ltd.                           ";"Food & Beverage                                   "
767;"78704913000186";"Group National Inc.                               ";"Health & Beauty                                   "
768;"99613966000161";"Commercial Center Ltd.                            ";"Services                                          "
769;"48861177000109";"Stores Williams Corp.                             ";"Construction Materials                            "
770;"52582423000160";"Group Online LLC                                  ";"Home & Decor                                      "
771;"63649763000188";"Distributor Online Inc.                           ";"IT                                                "
772;"13888705000139";"Warehouse Plus Co.                                ";"Food & Beverage                                   "
773;"58019371000103";"Distributor Global LLC                            ";"Home & Decor                                      "
774;"38957035000196";"Distributor National Inc.                         ";"Services                                          "
775;"36957701000160";"Stores National Corp.                             ";"Food & Beverage                                   "
776;"90405708000115";"Warehouse Plus Ltd.                               ";"Electronics                                       "
777;"52964678000198";"New Star Ltd.                                     ";"Clothing                                          "
778;"86129251000196";"Stores Online Inc.                                ";"Home & Decor                                      "
779;"55421866000168";"Warehouse North LLC                               ";"Food & Beverage                                   "
780;"12769584000143";"Market Johnson Co.                                ";"Clothing                                          "
781;"72331665000199";"Market South LLC                                  ";"Home & Decor                                      "
782;"54762544000110";"Emporium North Co.                                ";"Electronics                                       "
783;"64572628000144";"Bazaar Global Ltd.                                ";"Electronics                                       "
784;"56907610000128";"Commercial Global Corp.                           ";"IT                                                "
785;"13322314000152";"New North Corp.                                   ";"Health & Beauty                                   "
786;"56794566000197";"Commercial Center Corp.                           ";"IT                                                "
787;"93504530000158";"Stores Solutions Co.                              ";"IT                                                "
788;"68041948000129";"Stores Star Corp.                                 ";"IT                                                "
789;"01122066000117";"Tech Online Inc.                                  ";"IT                                                "
790;"24909459000170";"Group Express LLC                                 ";"Construction Materials                            "
791;"48832765000114";"Distributor South Ltd.                            ";"Home & Decor                                      "
792;"04002155000118";"Bazaar Smith Inc.                                 ";"Electronics                                       "
793;"83779134000180";"Market Williams Co.                               ";"Food & Beverage                                   "
794;"19730381000192";"Bazaar Smith Co.                                  ";"IT                                                "
795;"35381898000170";"Tech Plus Inc.                                    ";"Clothing                                          "
796;"55976297000117";"Distributor Center Corp.                          ";"IT                                                "
797;"68527713000141";"Distributor Global Inc.                           ";"Services                                          "
798;"50014454000190";"Distributor South Ltd.                            ";"Clothing                                          "
799;"00869362000113";"Warehouse Solutions Ltd.                          ";"Construction Materials                            "
800;"80671153000108";"Distributor Plus Ltd.                             ";"Services                                          "
801;"46204133000180";"Distributor Smith Co.                             ";"Clothing                                          "
802;"74921537000120";"New Express LLC                                   ";"Food & Beverage                                   "
803;"00479964000164";"Distributor Online Ltd.                           ";"Services                                          "
804;"98797584000172";"New Global Co.                                    ";"Electronics                                       "
805;"39796034000170";"Group Williams LLC                                ";"Construction Materials                            "
806;"41399164000110";"Tech Smith Corp.                                  ";"Construction Materials                            "
807;"39263755000114";"Warehouse Johnson LLC                             ";"IT                                                "
808;"46628684000171";"Emporium Center LLC                               ";"Food & Beverage                                   "
809;"54241902000149";"Commercial Plus Ltd.                              ";"Home & Decor                                      "
810;"96343067000106";"Warehouse Solutions Inc.                          ";"Construction Materials                            "
811;"70152548000132";"Agency Williams Ltd.                              ";"IT                                                "
812;"87111102000162";"New Johnson Ltd.                                  ";"Services                                          "
813;"34083490000159";"Market Star Corp.                                 ";"Clothing                                          "
814;"16945137000159";"New Star Corp.                                    ";"Food & Beverage                                   "
815;"43040817000104";"Group Williams Inc.                               ";"Construction Materials                            "
816;"18033770000104";"Agency Williams Co.                               ";"Electronics                                       "
817;"20989029000155";"Warehouse Smith LLC                               ";"IT                                                "
818;"52653237000175";"Bazaar Plus Co.                                   ";"Services                                          "
819;"42848794000198";"Emporium North Co.                                ";"IT                                                "
820;"82344581000143";"Tech South Co.                                    ";"Clothing                                          "
821;"56472892000188";"Stores Express Ltd.                               ";"Health & Beauty                                   "
822;"69354055000104";"Group Johnson Ltd.                                ";"Clothing                                          "
823;"88909046000179";"Agency North LLC                                  ";"Food & Beverage                                   "
824;"95746053000162";"Market Plus Corp.                                 ";"Health & Beauty                                   "
825;"69468098000102";"Distributor National LLC                          ";"Clothing                                          "
826;"33488687000105";"Distributor South LLC                             ";"Home & Decor                                      "
827;"91066498000140";"New Johnson LLC                                   ";"Home & Decor                                      "
828;"41135865000142";"Tech Online Inc.                                  ";"IT                                                "
829;"41781899000104";"Emporium Plus Co.                                 ";"Construction Materials                            "
830;"59414240000185";"Agency National LLC                               ";"Electronics                                       "
831;"29632228000186";"Agency South Co.                                  ";"Clothing                                          "
832;"03785089000137";"Stores Williams Ltd.                              ";"Construction Materials                            "
833;"26014727000111";"Tech Star Ltd.                                    ";"Clothing                                          "
834;"00353401000125";"Bazaar Johnson LLC                                ";"Home & Decor                                      "
835;"80440131000129";"Agency National Inc.                              ";"IT                                                "
836;"82606383000100";"Market Global Inc.                                ";"Construction Materials                            "
837;"35366709000190";"New Star Inc.                                     ";"Food & Beverage                                   "
838;"42435152000167";"Group Smith Co.                                   ";"Clothing                                          "
839;"06423619000195";"Market Global LLC                                 ";"Electronics                                       "
840;"85307546000142";"Distributor Online Corp.                          ";"Construction Materials                            "
841;"87388758000127";"Agency North LLC                                  ";"Home & Decor                                      "
842;"55323498000115";"Emporium Williams Co.                             ";"Health & Beauty                                   "
843;"20245894000197";"Warehouse Williams Inc.                           ";"Construction Materials                            "
844;"80178731000160";"Commercial Johnson Corp.                          ";"Services                                          "
845;"95995754000135";"Bazaar Online Inc.                                ";"Construction Materials                            "
846;"20812294000163";"Agency Solutions Inc.                             ";"Electronics                                       "
847;"37282295000146";"Market Express Inc.                               ";"Clothing                                          "
848;"59126885000112";"Tech National LLC                                 ";"Home & Decor                                      "
849;"55834788000123";"Stores Star Inc.                                  ";"IT                                                "
850;"26805353000152";"New Williams LLC                                  ";"Health & Beauty                                   "
851;"81703856000125";"New Williams LLC                                  ";"Construction Materials                            "
852;"49852669000109";"Commercial Williams Co.                           ";"Electronics                                       "
853;"83186660000136";"Bazaar Williams Ltd.                              ";"Food & Beverage                                   "
854;"46060585000136";"Stores Johnson Ltd.                               ";"Electronics                                       "
855;"99243996000123";"Commercial Express Co.                            ";"Home & Decor                                      "
856;"43238749000184";"Commercial Global Co.                             ";"IT                                                "
857;"59456683000139";"Tech Express Corp.                                ";"Health & Beauty                                   "
858;"90570722000174";"Tech Star Corp.                                   ";"Home & Decor                                      "
859;"80468893000133";"Market National Corp.                             ";"Services                                          "
860;"97987974000142";"Tech Johnson Corp.                                ";"Construction Materials                            "
861;"48372772000180";"Tech Solutions Inc.                               ";"Services                                          "
862;"98494900000137";"Commercial South Corp.                            ";"Electronics                                       "
863;"79722572000134";"Warehouse North Co.                               ";"Health & Beauty                                   "
864;"83597737000160";"Emporium Johnson Corp.                            ";"Electronics                                       "
865;"36210318000144";"Bazaar National LLC                               ";"Construction Materials                            "
866;"89915603000127";"Market South Ltd.                                 ";"IT                                                "
867;"66287341000106";"Agency Smith Co.                                  ";"Construction Materials                            "
868;"27505421000120";"Commercial South Inc.                             ";"IT                                                "
869;"48263072000158";"Group Center Ltd.                                 ";"Clothing                                          "
870;"73726723000146";"Group Solutions Co.                               ";"Services                                          "
871;"59749932000184";"Warehouse Center Ltd.                             ";"Construction Materials                            "
872;"01573962000100";"Distributor North Co.                             ";"Electronics                                       "
873;"13396216000160";"Market Star Inc.                                  ";"Construction Materials                            "
874;"49472539000132";"Warehouse Express Corp.                           ";"Health & Beauty                                   "
875;"66930822000180";"New Center Inc.                                   ";"Food & Beverage                                   "
876;"32830408000187";"Agency Online Ltd.                                ";"IT                                                "
877;"69368122000131";"Distributor Solutions Ltd.                        ";"Health & Beauty                                   "
878;"06364971000105";"Agency North Co.                                  ";"Services                                          "
879;"04987574000156";"Tech Smith Ltd.                                   ";"Home & Decor                                      "
880;"92735035000197";"Warehouse Center Co.                              ";"Food & Beverage                                   "
881;"26342402000168";"Commercial Express Inc.                           ";"Construction Materials                            "
882;"51133997000199";"Distributor Williams Inc.                         ";"Electronics                                       "
883;"95010796000170";"Agency Smith Co.                                  ";"Clothing                                          "
884;"88129982000167";"Agency Center Inc.                                ";"Construction Materials                            "
885;"29499786000115";"New Smith LLC                                     ";"Food & Beverage                                   "
886;"68468000000154";"Bazaar South Corp.                                ";"Home & Decor                                      "
887;"59934732000100";"Commercial Plus Inc.                              ";"Construction Materials                            "
888;"74647195000100";"Distributor Express Ltd.                          ";"Services                                          "
889;"25517670000100";"Stores Smith Corp.                                ";"Electronics                                       "
890;"24679257000180";"Emporium National Inc.                            ";"Clothing                                          "
891;"89988604000100";"Emporium Star Ltd.                                ";"Food & Beverage                                   "
892;"69966588000139";"Stores Williams Ltd.                              ";"Home & Decor                                      "
893;"04846521000115";"Agency Smith LLC                                  ";"Clothing                                          "
894;"56632744000183";"New Express LLC                                   ";"Electronics                                       "
895;"35352502000166";"Group Plus Corp.                                  ";"Food & Beverage                                   "
896;"86585237000105";"Tech Express LLC                                  ";"Food & Beverage                                   "
897;"60016798000191";"Bazaar Center LLC                                 ";"Services                                          "
898;"29025909000186";"Commercial Williams Co.                           ";"Health & Beauty                                   "
899;"73837657000181";"Bazaar Smith LLC                                  ";"Clothing                                          "
900;"83896071000141";"Warehouse Center Ltd.                             ";"Electronics                                       "
901;"26485345000176";"Market Smith Ltd.                                 ";"Services                                          "
902;"33462241000101";"Agency Express LLC                                ";"Clothing                                          "
903;"77371008000199";"Agency Global Co.                                 ";"Health & Beauty                                   "
904;"33784269000165";"Tech Center LLC                                   ";"Home & Decor                                      "
905;"81506657000127";"Distributor Star Inc.                             ";"Food & Beverage                                   "
906;"78561842000100";"Warehouse Williams Ltd.                           ";"Electronics                                       "
907;"43345446000160";"New Express Corp.                                 ";"Food & Beverage                                   "
908;"76720483000160";"Warehouse Johnson Ltd.                            ";"IT                                                "
909;"72744972000100";"Commercial North Corp.                            ";"Electronics                                       "
910;"97626751000150";"Distributor National Ltd.                         ";"Construction Materials                            "
911;"37320963000182";"Warehouse Plus Ltd.                               ";"Electronics                                       "
912;"02834886000102";"New Star Inc.                                     ";"Services                                          "
913;"39786869000149";"Tech Smith Co.                                    ";"Services                                          "
914;"45799554000139";"Agency Smith Corp.                                ";"Construction Materials                            "
915;"23085805000180";"Emporium Plus Corp.                               ";"Home & Decor                                      "
916;"73306550000107";"Bazaar Plus LLC                                   ";"Construction Materials                            "
917;"43254253000102";"Emporium Center Co.                               ";"Services                                          "
918;"93885405000135";"Emporium North Inc.                               ";"Construction Materials                            "
919;"00630061000132";"New Center Ltd.                                   ";"Food & Beverage                                   "
920;"70142746000115";"Bazaar Smith LLC                                  ";"Health & Beauty                                   "
921;"53646656000142";"Commercial Johnson Corp.                          ";"Clothing                                          "
922;"77371690000110";"Emporium Star Co.                                 ";"Construction Materials                            "
923;"16999388000116";"Bazaar Williams Corp.                             ";"Clothing                                          "
924;"53942654000109";"Bazaar Johnson Inc.                               ";"Health & Beauty                                   "
925;"68126695000196";"Stores Express Corp.                              ";"Construction Materials                            "
926;"37505225000100";"New Smith Co.                                     ";"Electronics                                       "
927;"94310200000194";"Market Smith Corp.                                ";"Clothing                                          "
928;"41504776000126";"New Star Inc.                                     ";"Clothing                                          "
929;"29974350000130";"Emporium South LLC                                ";"Health & Beauty                                   "
930;"24869796000181";"Bazaar Plus LLC                                   ";"Health & Beauty                                   "
931;"01126301000129";"Agency Global Inc.                                ";"Food & Beverage                                   "
932;"61945391000101";"Agency Center Co.                                 ";"IT                                                "
933;"79288031000140";"Distributor Global Inc.                           ";"Food & Beverage                                   "
934;"91959051000109";"Bazaar Plus LLC                                   ";"Clothing                                          "
935;"30712797000110";"Warehouse Star LLC                                ";"Home & Decor                                      "
936;"27484647000192";"New Smith Corp.                                   ";"Health & Beauty                                   "
937;"23497198000166";"Market Global Ltd.                                ";"Services                                          "
938;"45168988000130";"Tech National Corp.                               ";"Clothing                                          "
939;"78670480000195";"Emporium Johnson LLC                              ";"Clothing                                          "
940;"35328406000182";"Emporium Online Ltd.                              ";"Food & Beverage                                   "
941;"96941575000188";"Market Star Corp.                                 ";"Food & Beverage                                   "
942;"39856946000190";"New Plus Co.                                      ";"Home & Decor                                      "
943;"37530610000107";"Tech Global LLC                                   ";"Construction Materials                            "
944;"31250365000106";"Distributor North Inc.                            ";"Construction Materials                            "
945;"46912118000197";"Bazaar Plus LLC                                   ";"Electronics                                       "
946;"53667874000163";"Group Star LLC                                    ";"Services                                          "
947;"60476712000103";"Commercial South Inc.                             ";"Electronics                                       "
948;"34482973000126";"Tech South Inc.                                   ";"Home & Decor                                      "
949;"77797274000188";"Market Express Ltd.                               ";"Clothing                                          "
950;"18951839000170";"Warehouse Star Inc.                               ";"Services                                          "
951;"57831140000129";"Bazaar National Inc.                              ";"Clothing                                          "
952;"16023462000164";"Emporium Williams Co.                             ";"Clothing                                          "
953;"11522714000186";"Tech National Ltd.                                ";"IT                                                "
954;"62549933000190";"Market Plus Inc.                                  ";"Construction Materials                            "
955;"13644071000179";"Tech National Inc.                                ";"Clothing                                          "
956;"22291598000158";"New Center Inc.                                   ";"Health & Beauty                                   "
957;"05384173000174";"Tech Plus Co.                                     ";"Construction Materials                            "
958;"77464885000104";"Stores Online LLC                                 ";"Construction Materials                            "
959;"44378224000107";"Group Online LLC                                  ";"Home & Decor                                      "
960;"43427529000107";"Stores Online Inc.                                ";"Home & Decor                                      "
961;"24572222000147";"New Star Ltd.                                     ";"Food & Beverage                                   "
962;"63050169000176";"Emporium Express Corp.                            ";"Services                                          "
963;"61982734000108";"Tech Johnson Inc.                                 ";"IT                                                "
964;"87547442000130";"Commercial North Corp.                            ";"Services                                          "
965;"74099608000151";"New Smith Inc.                                    ";"Clothing                                          "
966;"62143288000100";"Bazaar Solutions LLC                              ";"Health & Beauty                                   "
967;"86656337000177";"Emporium Williams Co.                             ";"Home & Decor                                      "
968;"38741810000171";"New Plus Co.                                      ";"Food & Beverage                                   "
969;"11492960000132";"Bazaar Solutions Ltd.                             ";"Construction Materials                            "
970;"76404029000109";"Tech Express Inc.                                 ";"IT                                                "
971;"79463699000186";"Stores Center Co.                                 ";"Home & Decor                                      "
972;"43548614000115";"Market Johnson Co.                                ";"Electronics                                       "
973;"76761683000161";"Group North LLC                                   ";"Clothing                                          "
974;"63609372000130";"Emporium Solutions LLC                            ";"Home & Decor                                      "
975;"82194111000140";"Group Global Inc.                                 ";"IT                                                "
976;"19964198000151";"Tech Star LLC                                     ";"Clothing                                          "
977;"42157318000120";"Commercial Plus Corp.                             ";"IT                                                "
978;"71900776000106";"Bazaar Center Corp.                               ";"Construction Materials                            "
979;"96630694000110";"New Star LLC                                      ";"Home & Decor                                      "
980;"83522376000193";"Bazaar National Ltd.                              ";"Home & Decor                                      "
981;"29868711000164";"Bazaar Johnson LLC                                ";"Health & Beauty                                   "
982;"47125252000100";"Bazaar Solutions Ltd.                             ";"Construction Materials                            "
983;"61996312000191";"New Express Corp.                                 ";"Home & Decor                                      "
984;"72021281000170";"Tech Johnson Ltd.                                 ";"IT                                                "
985;"83840984000146";"Emporium Center Corp.                             ";"Home & Decor                                      "
986;"62944648000173";"Warehouse North LLC                               ";"Food & Beverage                                   "
987;"30961764000104";"Tech North Ltd.                                   ";"Clothing                                          "
988;"59349019000190";"Tech Global Corp.                                 ";"IT                                                "
989;"15300449000142";"Warehouse Star Inc.                               ";"Clothing                                          "
990;"90904999000196";"Stores North Inc.                                 ";"Electronics                                       "
991;"22877277000130";"Tech North Ltd.                                   ";"Electronics                                       "
992;"16107869000170";"New Williams Co.                                  ";"IT                                                "
993;"74439339000125";"Bazaar Online Co.                                 ";"Home & Decor                                      "
994;"50793618000124";"Tech North Inc.                                   ";"Clothing                                          "
995;"66308768000135";"Distributor National Corp.                        ";"IT                                                "
996;"36451610000159";"Stores Star Corp.                                 ";"Construction Materials                            "
997;"55194824000131";"Agency Center Inc.                                ";"Home & Decor                                      "
998;"17476703000193";"Agency Williams Ltd.                              ";"Health & Beauty                                   "
999;"57535131000190";"Commercial North Co.                              ";"Services                                          "
1000;"73913825000170";"Commercial Solutions Ltd.                         ";"Home & Decor                                      "
